Lhhn Fi,685401,PARTICIPANT
Smdu Oogicus,539857,ORGANIZER
Ix Ppwrmdc,254069,PARTICIPANT
Zdd Qtikh,707294,ORGANIZER
Tds Ajiuxq,660755,ORGANIZER
Hmxla Ujfxw,607051,ORGANIZER
Xbkt Mpjb,266713,PARTICIPANT
Iiusf Otrr,207854,PARTICIPANT
Jv Keqsdl,699256,PARTICIPANT
Jgenmt Wjouusu,903790,ORGANIZER
Vksw Cqorg,438535,PARTICIPANT
Zvamvd Prxrsid,664249,ORGANIZER
Yz Xywjpw,360972,ORGANIZER
Ja Ykvfqwgt,372312,ORGANIZER
Hhh Voyyrs,934348,PARTICIPANT
Bh Oaco,462628,ORGANIZER
Eceuy Jck,262534,ORGANIZER
Cd Ck,820888,PARTICIPANT
Gtuze Abswygeu,287632,ORGANIZER
Qpsoqa Tbq,530198,ORGANIZER
Ax Ox,503088,PARTICIPANT
Wex Snydzucu,923822,ORGANIZER
Pnec Bcrqxrtb,798426,ORGANIZER
Trwdc Ivl,686941,PARTICIPANT
Cynaxa Ic,922739,ORGANIZER
Ffoxzd Eqpyx,443982,PARTICIPANT
Isvxu Jga,748447,PARTICIPANT
Ipj Ht,469030,PARTICIPANT
Kldqs Xn,119191,ORGANIZER
Rvpmnq Moadxhqr,946522,PARTICIPANT
Cbvxwz Ckvs,867715,ORGANIZER
Qajv Ftfde,295751,PARTICIPANT
Rsz Yjy,257492,ORGANIZER
Dmbjvm Fmksjk,819053,PARTICIPANT
Gxoes Fw,826533,PARTICIPANT
Aussps Puk,475613,PARTICIPANT
Evgpyy Xixrxjw,622203,ORGANIZER
Iet Pxpqs,397002,PARTICIPANT
Ohgkk Tl,589637,PARTICIPANT
Wy Bbe,687803,ORGANIZER
Ccxkf Bkwzu,236511,PARTICIPANT
Gdahvw Rxgaqhj,534599,PARTICIPANT
Gofz Jvw,253500,PARTICIPANT
Yx Wiw,782123,PARTICIPANT
Fr Wkjh,212822,ORGANIZER
Xrvyjf Xnp,933733,ORGANIZER
Bdlhdn Kasyw,860281,PARTICIPANT
Cvvg Kl,602617,ORGANIZER
Wwcfid Ixnt,954505,PARTICIPANT
Cilnle Xjakpdo,114506,ORGANIZER
Wmpbt Bvwi,125360,ORGANIZER
Duuhcb Prcn,583936,ORGANIZER
Piersg Mdhdwcl,333327,ORGANIZER
Fuakx Czljlpfi,356830,PARTICIPANT
Eerj Edmk,729673,ORGANIZER
Zmcjmr Rtclk,904736,PARTICIPANT
Lqwv Vrbtztfm,387696,ORGANIZER
Hfgv Bjddieyq,978337,PARTICIPANT
Lty Tx,824117,PARTICIPANT
Pcples Zhf,947360,ORGANIZER
Sbq Lilwqa,691344,ORGANIZER
Lz Ysulkac,173020,ORGANIZER
Tbyhaz Jtk,127103,ORGANIZER
Edqttq Wcapvbus,139281,PARTICIPANT
Nwulsa Gozdyh,310550,PARTICIPANT
Wz Acvbrinn,318220,ORGANIZER
Bdi Fykxecqy,902020,ORGANIZER
Sbhnz Vpd,182026,PARTICIPANT
Zuc Jagpe,130866,PARTICIPANT
Xker Nbqdl,702877,PARTICIPANT
Zhd Mfri,625088,PARTICIPANT
Yv Jrjuzzp,618997,PARTICIPANT
Dohizw Qqj,435419,PARTICIPANT
Rphstp Jfywcoz,375635,PARTICIPANT
Ldfq Vlwlyxix,396658,ORGANIZER
Lor Kbd,766734,PARTICIPANT
Bh Haq,944508,ORGANIZER
Pcpwfb Ryree,907462,ORGANIZER
Gq Qemfbef,562218,ORGANIZER
Voz Bkbengp,748416,PARTICIPANT
Osqofq Jzhb,717584,ORGANIZER
Builu Blulqw,318395,PARTICIPANT
Maj Gbv,233385,ORGANIZER
Tbtfam Iggsfpe,792942,ORGANIZER
Vjpjww No,745057,ORGANIZER
Bceyk Cj,143798,PARTICIPANT
Esta Vq,651962,ORGANIZER
Kro Tltiuztv,595755,ORGANIZER
Kxahs Bllfcb,503862,ORGANIZER
Ucthxe Pqkintg,798011,PARTICIPANT
Maveq Zq,798429,PARTICIPANT
Dov Bmhb,782064,ORGANIZER
Xipz Xifeumyw,474462,PARTICIPANT
Lbedw Udnbcgme,471922,ORGANIZER
Yc Gaibrtb,502077,PARTICIPANT
Pgcoel Uweqcbos,724565,PARTICIPANT
Tvsfb Ehbhtt,693713,PARTICIPANT
Fnnrow Eonzkkmt,868819,ORGANIZER
Tkmukp Ikouds,190010,ORGANIZER
Tqtkww Dhrbyx,461548,ORGANIZER
